"rel","cfg","rep","detect_ms","last_unchanged_ms","polls","altvchid_before","altvchid_after","stamp_total_ms","stamp_save_ms"
"5.1","fullnr-nobridge","1","2964.3","1911.1","6","30029","30030","356","304"
"5.1","fullnr-nobridge","2","2967.6","2179.1","6","30030","30031","342.1","291"
"5.1","fullnr-nobridge","3","2986.6","1141.7","5","30031","30032","354.7","301.1"
"5.1","fullnr-nobridge","4","2857.3","1869.4","6","30032","30033","335.5","287.5"
"5.1","fullnr-nobridge","5","3033.9","1159.8","5","30033","30034","361","309"
"5.1","none","1","2878.3","1786.7","6","30054","30055","",""
"5.1","none","2","2979.7","1121.2","5","30055","30056","",""
"5.1","none","3","2936.4","2044.7","6","30056","30057","",""
"5.1","none","4","3028","1154.9","5","30057","30058","",""
"5.1","none","5","3164.2","1157.5","5","30058","30059","",""
