"rel","kind","name","rep","ms","probe_ms","probe_during","bytes","ledgers","closings","tb_lines","over2s","err"
"6.2","closings","0-200","1","300014.2","-1","True","97","0","0","0","True","FAILED The request was canceled due to the configured HttpClient.Timeout of 300 seconds elapsing."
"6.2","closings","0-200","2","300012.9","-1","True","97","0","0","0","True","FAILED The request was canceled due to the configured HttpClient.Timeout of 300 seconds elapsing."
"6.2","closings","0-200","3","300014.1","-1","True","97","0","0","0","True","FAILED The request was canceled due to the configured HttpClient.Timeout of 300 seconds elapsing."
"6.2","closings","0-200","4","300013.2","-1","True","97","0","0","0","True","FAILED The request was canceled due to the configured HttpClient.Timeout of 300 seconds elapsing."
"6.2","closings","0-200","5","300012","-1","True","97","0","0","0","True","FAILED The request was canceled due to the configured HttpClient.Timeout of 300 seconds elapsing."
"6.2","closings","200-400","1","300016.5","-1","True","97","0","0","0","True","FAILED The request was canceled due to the configured HttpClient.Timeout of 300 seconds elapsing."
"6.2","closings","200-400","2","300016.9","-1","True","97","0","0","0","True","FAILED The request was canceled due to the configured HttpClient.Timeout of 300 seconds elapsing."
"6.2","closings","200-400","3","300016","-1","True","97","0","0","0","True","FAILED The request was canceled due to the configured HttpClient.Timeout of 300 seconds elapsing."
"6.2","closings","200-400","4","300015.2","-1","True","97","0","0","0","True","FAILED The request was canceled due to the configured HttpClient.Timeout of 300 seconds elapsing."
"6.2","closings","200-400","5","300013.8","-1","True","97","0","0","0","True","FAILED The request was canceled due to the configured HttpClient.Timeout of 300 seconds elapsing."
"6.2","closings","400-600","1","300019.5","-1","True","97","0","0","0","True","FAILED The request was canceled due to the configured HttpClient.Timeout of 300 seconds elapsing."
"6.2","closings","400-600","2","300011.8","-1","True","97","0","0","0","True","FAILED The request was canceled due to the configured HttpClient.Timeout of 300 seconds elapsing."
"6.2","closings","400-600","3","300013.9","-1","True","97","0","0","0","True","FAILED The request was canceled due to the configured HttpClient.Timeout of 300 seconds elapsing."
"6.2","closings","400-600","4","300011.2","-1","True","97","0","0","0","True","FAILED The request was canceled due to the configured HttpClient.Timeout of 300 seconds elapsing."
"6.2","closings","400-600","5","300018.9","-1","True","97","0","0","0","True","FAILED The request was canceled due to the configured HttpClient.Timeout of 300 seconds elapsing."
"6.2","closings","600-800","1","300013.9","-1","True","97","0","0","0","True","FAILED The request was canceled due to the configured HttpClient.Timeout of 300 seconds elapsing."
"6.2","closings","600-800","2","300016","-1","True","97","0","0","0","True","FAILED The request was canceled due to the configured HttpClient.Timeout of 300 seconds elapsing."
"6.2","closings","600-800","3","300015.7","-1","True","97","0","0","0","True","FAILED The request was canceled due to the configured HttpClient.Timeout of 300 seconds elapsing."
"6.2","closings","600-800","4","300014.3","29538.3","True","97","0","0","0","True","FAILED The request was canceled due to the configured HttpClient.Timeout of 300 seconds elapsing."
"6.2","closings","600-800","5","300011.5","28557.7","True","97","0","0","0","True","FAILED The request was canceled due to the configured HttpClient.Timeout of 300 seconds elapsing."
"6.2","closings","800-1000","1","300012.3","27653.6","True","97","0","0","0","True","FAILED The request was canceled due to the configured HttpClient.Timeout of 300 seconds elapsing."
"6.2","closings","800-1000","2","300013.3","16578.5","True","97","0","0","0","True","FAILED The request was canceled due to the configured HttpClient.Timeout of 300 seconds elapsing."
"6.2","closings","800-1000","3","300019.2","25712.1","True","97","0","0","0","True","FAILED The request was canceled due to the configured HttpClient.Timeout of 300 seconds elapsing."
