"rel","gst","isgston","kind","made","type","vno","mid","form","fresh","answered","ms","bytes","has_target","alive_after","restart_answers","err"
"6.2","on","Yes","xml-item","XML","Sales","1","2","object","True","True","31.1","115071","True","True","True",""
"6.2","on","Yes","xml-item","XML","Sales","1","2","bynumber","True","True","36.5","69606","True","True","True",""
"6.2","on","Yes","xml-acct","XML","Sales","2","3","object","True","True","22.5","52575","True","True","True",""
"6.2","on","Yes","xml-acct","XML","Sales","2","3","bynumber","True","True","26.5","15423","True","True","True",""
"6.2","on","Yes","xml-acct-irn","XML, then IRN by an XML alteration","Sales","3","4","object","True","True","27.5","52579","True","True","True",""
"6.2","on","Yes","xml-acct-irn","XML, then IRN by an XML alteration","Sales","3","4","bynumber","True","True","26.2","15427","True","True","True",""
"6.2","on","Yes","xml-acct","XML","Sales","2","3","helper-collection","True","True","25.9","14492","True","True","True",""
"6.2","on","Yes","xml-acct-irn","XML, then IRN by an XML alteration","Sales","3","4","helper-collection","True","True","26.4","14492","True","True","True",""
"6.2","off","No","xml-item","XML","Sales","1","2","object","True","True","27.6","112313","True","True","True",""
"6.2","off","No","xml-item","XML","Sales","1","2","bynumber","True","True","38.3","65422","True","True","True",""
"6.2","off","No","xml-acct","XML","Sales","2","3","object","True","True","19","50748","True","True","True",""
"6.2","off","No","xml-acct","XML","Sales","2","3","bynumber","True","True","26.1","14906","True","True","True",""
"6.2","off","No","xml-acct-irn","XML, then IRN by an XML alteration","Sales","3","4","object","True","True","18.8","50752","True","True","True",""
"6.2","off","No","xml-acct-irn","XML, then IRN by an XML alteration","Sales","3","4","bynumber","True","True","25.8","14910","True","True","True",""
"6.2","off","No","xml-acct","XML","Sales","2","3","helper-collection","True","True","25.6","14237","True","True","True",""
"6.2","off","No","xml-acct-irn","XML, then IRN by an XML alteration","Sales","3","4","helper-collection","True","True","25.2","14237","True","True","True",""
