"rel","case","vouchers","target","mid","form","rep","ms","bytes","vouchers_in_answer","has_target","err"
"5.1","p4000","4003","sales-P","4002","bymaster","0","450.9","83192","2","True",""
"5.1","p4000","4003","sales-P","4002","bynumber","0","490.5","83192","2","True",""
"5.1","p4000","4003","sales-P","4002","objfl","0","36.4","139908","2","True",""
"5.1","p4000","4003","sales-P","4002","objmid","0","18.4","139908","2","True",""
"5.1","p4000","4003","sales-P","4002","objtop","0","19.9","111687","2","True",""
"5.1","p4000","4003","sales-P","4002","objheads","0","19.1","139908","2","True",""
"5.1","p4000","4003","sales-P","4002","collchildq","0","478.8","83192","2","True",""
"5.1","p4000","4003","sales-P","4002","collchildn","0","502.6","83192","2","True",""
"5.1","p4000","4003","sales-P","4002","colllines","0","3","1463","1","False",""
"5.1","p4000","4003","sales-P","4002","collpath","0","3.4","1653","1","False",""
"5.1","p4000","4003","sales-P","4002","rptobj","0","44.9","19","0","False",""
"5.1","p4000","4003","sales-P","4002","rptpart","0","25064.2","0","0","False","NO ANSWER in 25 s"
"5.1","p4000","4003","sales-P","4002","numvtype","0","251.3","83144","2","True",""
"5.1","p4000","4003","sales-P","4002","objnone","0","25002.3","0","0","False","NO ANSWER in 25 s"
"5.1","p4000","4003","sales-P","4002","bymaster","1","428.1","83192","2","True",""
"5.1","p4000","4003","sales-P","4002","bynumber","1","433.9","83192","2","True",""
"5.1","p4000","4003","sales-P","4002","objfl","1","34.8","139908","2","True",""
"5.1","p4000","4003","sales-P","4002","objmid","1","16.6","139908","2","True",""
"5.1","p4000","4003","sales-P","4002","objtop","1","16.8","111687","2","True",""
"5.1","p4000","4003","sales-P","4002","objheads","1","17.6","139908","2","True",""
"5.1","p4000","4003","sales-P","4002","collchildq","1","434.6","83192","2","True",""
"5.1","p4000","4003","sales-P","4002","collchildn","1","467.9","83192","2","True",""
"5.1","p4000","4003","sales-P","4002","colllines","1","2.3","1463","1","False",""
"5.1","p4000","4003","sales-P","4002","collpath","1","2.7","1653","1","False",""
"5.1","p4000","4003","sales-P","4002","rptobj","1","38.3","19","0","False",""
"5.1","p4000","4003","sales-P","4002","numvtype","1","287.5","83144","2","True",""
"5.1","p4000","4003","sales-P","4002","bymaster","2","492.1","83192","2","True",""
"5.1","p4000","4003","sales-P","4002","bynumber","2","505.9","83192","2","True",""
"5.1","p4000","4003","sales-P","4002","objfl","2","18.7","139908","2","True",""
"5.1","p4000","4003","sales-P","4002","objmid","2","16.8","139908","2","True",""
"5.1","p4000","4003","sales-P","4002","objtop","2","17","111687","2","True",""
"5.1","p4000","4003","sales-P","4002","objheads","2","18.2","139908","2","True",""
"5.1","p4000","4003","sales-P","4002","collchildq","2","516.7","83192","2","True",""
"5.1","p4000","4003","sales-P","4002","collchildn","2","552","83192","2","True",""
"5.1","p4000","4003","sales-P","4002","colllines","2","2.4","1463","1","False",""
"5.1","p4000","4003","sales-P","4002","collpath","2","2.6","1653","1","False",""
"5.1","p4000","4003","sales-P","4002","rptobj","2","39.5","19","0","False",""
"5.1","p4000","4003","sales-P","4002","numvtype","2","343.3","83144","2","True",""
"5.1","p4000","4003","sales-P","4002","bymaster","3","566.4","83192","2","True",""
"5.1","p4000","4003","sales-P","4002","bynumber","3","557.9","83192","2","True",""
"5.1","p4000","4003","sales-P","4002","objfl","3","20.2","139908","2","True",""
"5.1","p4000","4003","sales-P","4002","objmid","3","19","139908","2","True",""
"5.1","p4000","4003","sales-P","4002","objtop","3","18.1","111687","2","True",""
"5.1","p4000","4003","sales-P","4002","objheads","3","18.5","139908","2","True",""
"5.1","p4000","4003","sales-P","4002","collchildq","3","559.7","83192","2","True",""
"5.1","p4000","4003","sales-P","4002","collchildn","3","567.7","83192","2","True",""
"5.1","p4000","4003","sales-P","4002","colllines","3","2.4","1463","1","False",""
"5.1","p4000","4003","sales-P","4002","collpath","3","3.1","1653","1","False",""
"5.1","p4000","4003","sales-P","4002","rptobj","3","45.7","19","0","False",""
"5.1","p4000","4003","sales-P","4002","numvtype","3","337.6","83144","2","True",""
"5.1","p4000","4003","receipt-P","4003","bymaster","0","569.3","21289","2","True",""
"5.1","p4000","4003","receipt-P","4003","bynumber","0","562.6","21289","2","True",""
"5.1","p4000","4003","receipt-P","4003","objfl","0","10.7","67093","2","True",""
"5.1","p4000","4003","receipt-P","4003","objmid","0","10.2","67093","2","True",""
"5.1","p4000","4003","receipt-P","4003","objtop","0","9.6","51699","2","True",""
"5.1","p4000","4003","receipt-P","4003","objheads","0","9.7","67093","2","True",""
"5.1","p4000","4003","receipt-P","4003","collchildq","0","555","21289","2","True",""
"5.1","p4000","4003","receipt-P","4003","collchildn","0","647.1","21289","2","True",""
"5.1","p4000","4003","receipt-P","4003","colllines","0","2.4","1463","1","False",""
"5.1","p4000","4003","receipt-P","4003","collpath","0","2.7","1653","1","False",""
"5.1","p4000","4003","receipt-P","4003","rptobj","0","28.2","19","0","False",""
"5.1","p4000","4003","receipt-P","4003","rptpart","0","25002.2","0","0","False","NO ANSWER in 25 s"
"5.1","p4000","4003","receipt-P","4003","numvtype","0","149.4","21241","2","True",""
"5.1","p4000","4003","receipt-P","4003","objnone","0","25001.6","0","0","False","NO ANSWER in 25 s"
"5.1","p4000","4003","receipt-P","4003","bymaster","1","421.2","21289","2","True",""
"5.1","p4000","4003","receipt-P","4003","bynumber","1","435.3","21289","2","True",""
"5.1","p4000","4003","receipt-P","4003","objfl","1","21.4","67093","2","True",""
"5.1","p4000","4003","receipt-P","4003","objmid","1","9.1","67093","2","True",""
"5.1","p4000","4003","receipt-P","4003","objtop","1","8.8","51699","2","True",""
"5.1","p4000","4003","receipt-P","4003","objheads","1","9.3","67093","2","True",""
"5.1","p4000","4003","receipt-P","4003","collchildq","1","442.5","21289","2","True",""
"5.1","p4000","4003","receipt-P","4003","collchildn","1","474","21289","2","True",""
"5.1","p4000","4003","receipt-P","4003","colllines","1","2.1","1463","1","False",""
"5.1","p4000","4003","receipt-P","4003","collpath","1","2.7","1653","1","False",""
"5.1","p4000","4003","receipt-P","4003","rptobj","1","26.5","19","0","False",""
"5.1","p4000","4003","receipt-P","4003","numvtype","1","161.2","21241","2","True",""
"5.1","p4000","4003","receipt-P","4003","bymaster","2","500.4","21289","2","True",""
"5.1","p4000","4003","receipt-P","4003","bynumber","2","511.3","21289","2","True",""
"5.1","p4000","4003","receipt-P","4003","objfl","2","10.3","67093","2","True",""
"5.1","p4000","4003","receipt-P","4003","objmid","2","10.2","67093","2","True",""
"5.1","p4000","4003","receipt-P","4003","objtop","2","9.1","51699","2","True",""
"5.1","p4000","4003","receipt-P","4003","objheads","2","10","67093","2","True",""
"5.1","p4000","4003","receipt-P","4003","collchildq","2","532.3","21289","2","True",""
"5.1","p4000","4003","receipt-P","4003","collchildn","2","557.3","21289","2","True",""
"5.1","p4000","4003","receipt-P","4003","colllines","2","2.4","1463","1","False",""
"5.1","p4000","4003","receipt-P","4003","collpath","2","2.6","1653","1","False",""
"5.1","p4000","4003","receipt-P","4003","rptobj","2","26.9","19","0","False",""
"5.1","p4000","4003","receipt-P","4003","numvtype","2","184.3","21241","2","True",""
"5.1","p4000","4003","receipt-P","4003","bymaster","3","539","21289","2","True",""
"5.1","p4000","4003","receipt-P","4003","bynumber","3","543.2","21289","2","True",""
"5.1","p4000","4003","receipt-P","4003","objfl","3","10.3","67093","2","True",""
"5.1","p4000","4003","receipt-P","4003","objmid","3","10.8","67093","2","True",""
"5.1","p4000","4003","receipt-P","4003","objtop","3","9.3","51699","2","True",""
"5.1","p4000","4003","receipt-P","4003","objheads","3","9.9","67093","2","True",""
"5.1","p4000","4003","receipt-P","4003","collchildq","3","548.8","21289","2","True",""
"5.1","p4000","4003","receipt-P","4003","collchildn","3","547.6","21289","2","True",""
"5.1","p4000","4003","receipt-P","4003","colllines","3","2.5","1463","1","False",""
"5.1","p4000","4003","receipt-P","4003","collpath","3","2.6","1653","1","False",""
"5.1","p4000","4003","receipt-P","4003","rptobj","3","26.2","19","0","False",""
"5.1","p4000","4003","receipt-P","4003","numvtype","3","189.2","21241","2","True",""
