"size","req","span","ms","n","light","responding","bytes"
"2000","FinComGroups","-","5.6","28","-1","True","15611"
"2000","FinComLedgers","1-2000","135.7","1799","3","True","1149402"
"2000","FinComLedgers","2001-4000","22","201","3.5","True","129907"
"2000","FinComLedgers","from 4001","9.1","0","3.1","True","1500"
"2000-again","FinComGroups","-","5.9","28","-1","True","15611"
"2000-again","FinComLedgers","1-2000","125.6","1799","3.3","True","1151053"
"2000-again","FinComLedgers","2001-4000","23.5","201","3.1","True","129907"
"2000-again","FinComLedgers","from 4001","9.2","0","2.9","True","1500"
"5000","FinComGroups","-","6.5","28","-1","True","15611"
"5000","FinComLedgers","1-2000","133.2","1799","3","True","1151053"
"5000","FinComLedgers","2001-4000","175.1","2000","2.9","True","1279502"
"5000","FinComLedgers","4001-6000","93.7","1201","2.9","True","768907"
"5000","FinComLedgers","from 6001","11.8","0","3.2","True","1500"
"5000-again","FinComGroups","-","6","28","-1","True","15611"
"5000-again","FinComLedgers","1-2000","133.1","1799","16.6","True","1151054"
"5000-again","FinComLedgers","2001-4000","144.3","2000","3.5","True","1279502"
"5000-again","FinComLedgers","4001-6000","89.3","1201","3.1","True","768907"
"5000-again","FinComLedgers","from 6001","12.1","0","2.6","True","1500"
"20000","FinComGroups","-","5.1","28","-1","True","15612"
"20000","FinComLedgers","1-2000","145.2","1799","21","True","1151055"
"20000","FinComLedgers","2001-4000","156.4","2000","2.7","True","1279503"
"20000","FinComLedgers","4001-6000","162.9","2000","3.1","True","1279503"
"20000","FinComLedgers","6001-8000","163.4","2000","2.8","True","1279503"
"20000","FinComLedgers","8001-10000","160.4","2000","3","True","1279609"
"20000","FinComLedgers","10001-12000","164.5","2000","2.8","True","1283503"
"20000","FinComLedgers","12001-14000","164.8","2000","99","True","1283503"
"20000","FinComLedgers","14001-16000","160.6","2000","3.1","True","1283503"
"20000","FinComLedgers","16001-18000","168.6","2000","2.8","True","1283503"
"20000","FinComLedgers","18001-20000","160.4","2000","2.6","True","1283503"
"20000","FinComLedgers","20001-22000","41.5","201","2.8","True","130310"
"20000","FinComLedgers","from 22001","28.3","0","2.8","True","1501"
"20000-again","FinComGroups","-","5.6","28","-1","True","15612"
"20000-again","FinComLedgers","1-2000","142.5","1799","6.5","True","1151107"
"20000-again","FinComLedgers","2001-4000","156.4","2000","4.3","True","1279503"
"20000-again","FinComLedgers","4001-6000","161.4","2000","3.9","True","1279503"
"20000-again","FinComLedgers","6001-8000","153.2","2000","3.7","True","1279503"
"20000-again","FinComLedgers","8001-10000","156.1","2000","2.8","True","1279609"
"20000-again","FinComLedgers","10001-12000","158.4","2000","2.7","True","1283503"
"20000-again","FinComLedgers","12001-14000","159.1","2000","3.1","True","1283503"
"20000-again","FinComLedgers","14001-16000","154.5","2000","2.9","True","1283503"
"20000-again","FinComLedgers","16001-18000","153.5","2000","2.7","True","1283503"
"20000-again","FinComLedgers","18001-20000","160.6","2000","2.7","True","1283503"
"20000-again","FinComLedgers","20001-22000","42","201","2.4","True","130310"
"20000-again","FinComLedgers","from 22001","28.6","0","2.4","True","1501"
