"rel","company","cfg","route","rep","ms","handed_ms","status","ok","t0","t1","id"
"7.1","light","none","jobs","1","1064.5","5.6","done","True","1791283423156","1791283424222","pd-71-light-none-jobs-1-a640c4"
"7.1","light","none","jobs","2","869.1","3.6","done","True","1791283436224","1791283437093","pd-71-light-none-jobs-2-81c1a3"
"7.1","light","none","import","1","348.6","0","answered","True","1791283449096","1791283449444","pd-71-light-none-import-1-c9214d"
"7.1","light","none","import","2","352.2","0","answered","True","1791283461447","1791283461799","pd-71-light-none-import-2-39a865"
"7.1","light","heads","jobs","1","875.9","4.9","done","True","1791283894820","1791283895696","pd-71-light-heads-jobs-1-3bfb0f"
"7.1","light","heads","jobs","2","873.1","3.6","done","True","1791283907697","1791283908571","pd-71-light-heads-jobs-2-965167"
"7.1","light","heads","import","1","344.8","0","answered","True","1791283920574","1791283920918","pd-71-light-heads-import-1-71a32c"
"7.1","light","heads","import","2","340.2","0","answered","True","1791283932921","1791283933261","pd-71-light-heads-import-2-c7ba49"
"7.1","light","full","jobs","1","881.6","2.8","done","True","1791284256307","1791284257189","pd-71-light-full-jobs-1-6b88b9"
"7.1","light","full","jobs","2","870.6","2.5","done","True","1791284269191","1791284270062","pd-71-light-full-jobs-2-2879ab"
"7.1","light","full","import","1","348.7","0","answered","True","1791284282064","1791284282412","pd-71-light-full-import-1-e18d54"
"7.1","light","full","import","2","343.6","0","answered","True","1791284294414","1791284294758","pd-71-light-full-import-2-9ef89d"
"7.1","light","evprobe","import","1","519.7","0","answered","True","1791284387193","1791284387712","pd-71-light-evprobe-import-1-635e7c"
"7.1","heavy","none","jobs","1","933","3.5","done","True","1791284620354","1791284621287","pd-71-heavy-none-jobs-1-72d39e"
"7.1","heavy","none","jobs","2","934","3.3","done","True","1791284633289","1791284634223","pd-71-heavy-none-jobs-2-4dee32"
"7.1","heavy","none","import","1","402","0","answered","True","1791284646226","1791284646628","pd-71-heavy-none-import-1-9ba57b"
"7.1","heavy","none","import","2","402.3","0","answered","True","1791284658630","1791284659032","pd-71-heavy-none-import-2-296194"
"7.1","heavy","heads","jobs","1","940","3.2","done","True","1791285112872","1791285113812","pd-71-heavy-heads-jobs-1-454d9e"
"7.1","heavy","heads","jobs","2","934.6","2.8","done","True","1791285125814","1791285126749","pd-71-heavy-heads-jobs-2-073a57"
"7.1","heavy","heads","import","1","403.6","0","answered","True","1791285138750","1791285139154","pd-71-heavy-heads-import-1-4536aa"
"7.1","heavy","heads","import","2","403.4","0","answered","True","1791285151156","1791285151559","pd-71-heavy-heads-import-2-71f500"
"7.1","heavy","full","jobs","1","930.7","3.2","done","True","1791285386167","1791285387098","pd-71-heavy-full-jobs-1-d76040"
"7.1","heavy","full","jobs","2","933.4","3.5","done","True","1791285399100","1791285400034","pd-71-heavy-full-jobs-2-23eae3"
"7.1","heavy","full","import","1","405.3","0","answered","True","1791285412035","1791285412441","pd-71-heavy-full-import-1-75b0e8"
"7.1","heavy","full","import","2","405.9","0","answered","True","1791285424443","1791285424849","pd-71-heavy-full-import-2-7f44ef"
