"rel","cfg","form","master","stamps","full_lines","rec_lines","full_events","rec_events"
"3.0","heads","Ledger","Template Party","","0","0","",""
"3.0","heads","Pay Head","PD Basic","","0","0","",""
"3.0","heads","Stock Item","PD Bat 01","","0","0","",""
"3.0","heads","Unit","Nos","","0","0","",""
"3.0","heads","Godown","PD Godown A","","0","0","",""
"3.0","heads","Employee","PD Emp 001","","0","0","",""
"3.0","full","Ledger","Template Party","","0","0","",""
"3.0","full","Pay Head","PD Basic","mpaa,mpac","1","0","payhead_saved",""
"3.0","full","Stock Item","PD Bat 01","","0","0","",""
"3.0","full","Unit","Nos","","0","0","",""
"3.0","full","Godown","PD Godown A","","0","0","",""
"3.0","full","Employee","PD Emp 001","","0","0","",""
