"rel","company","target","mid","form","rep","ms","probe_ms","probe_during","bytes","vouchers","has_entry","ledger_lines","items","taxobj_filled","err"
"7.1","heavy","sales50-template","3","bymaster-bridge","1","3360","3247.7","True","237549","2","True","57","100","0",""
"7.1","heavy","sales50-template","3","bymaster-bridge","2","3624.5","3523.5","True","237549","2","True","57","100","0",""
"7.1","heavy","sales50-template","3","bymaster-bridge","3","3806.7","2861.4","True","237549","2","True","57","100","0",""
"7.1","heavy","sales50-template","3","bymaster-bridge","4","4040.4","3937.7","True","237549","2","True","57","100","0",""
"7.1","heavy","sales50-template","3","bymaster-bridge","5","4159.7","4062.9","True","237549","2","True","57","100","0",""
"7.1","heavy","sales50-template","3","bynumber-bridge","1","4183.9","4081.4","True","237549","2","True","57","100","0",""
"7.1","heavy","sales50-template","3","bynumber-bridge","2","4212.4","4098.1","True","237549","2","True","57","100","0",""
"7.1","heavy","sales50-template","3","bynumber-bridge","3","4280.7","4161.3","True","237549","2","True","57","100","0",""
"7.1","heavy","sales50-template","3","bynumber-bridge","4","4283.4","4179","True","237549","2","True","57","100","0",""
"7.1","heavy","sales50-template","3","bynumber-bridge","5","4303.1","4204.7","True","237549","2","True","57","100","0",""
"7.1","heavy","sales50-template","3","day-collection-nofilter-midonly","1","8214.1","7813.3","True","35090527","30023","True","0","0","0",""
"7.1","heavy","sales50-template","3","day-collection-nofilter-midonly","2","7782.7","7447.6","True","35090527","30023","True","0","0","0",""
"7.1","heavy","sales50-template","3","day-collection-nofilter-midonly","3","7625.1","3826.5","True","35090527","30023","True","0","0","0",""
"7.1","heavy","sales50-template","3","day-collection-nofilter-midonly","4","7792.5","7463.7","True","35090527","30023","True","0","0","0",""
"7.1","heavy","sales50-template","3","day-collection-nofilter-midonly","5","7797","7462.7","True","35090527","30023","True","0","0","0",""
"7.1","heavy","sales50-template","3","obj-name-guid","1","6.6","31.4","False","92","0","False","0","0","0","<ERRORMSG>Could not find Voucher:ab500d43-8e76-4e06-81fe-96f6aba98388-00000003!"
"7.1","heavy","sales50-template","3","obj-name-guid","2","9.8","31.6","False","92","0","False","0","0","0","<ERRORMSG>Could not find Voucher:ab500d43-8e76-4e06-81fe-96f6aba98388-00000003!"
"7.1","heavy","sales50-template","3","obj-name-guid","3","6.6","28.9","False","92","0","False","0","0","0","<ERRORMSG>Could not find Voucher:ab500d43-8e76-4e06-81fe-96f6aba98388-00000003!"
"7.1","heavy","sales50-template","3","obj-name-guid","4","9.4","28","False","92","0","False","0","0","0","<ERRORMSG>Could not find Voucher:ab500d43-8e76-4e06-81fe-96f6aba98388-00000003!"
"7.1","heavy","sales50-template","3","obj-name-guid","5","6.6","31.6","False","92","0","False","0","0","0","<ERRORMSG>Could not find Voucher:ab500d43-8e76-4e06-81fe-96f6aba98388-00000003!"
"7.1","heavy","sales50-template","3","obj-name-guid-star","1","6.3","31.5","False","92","0","False","0","0","0","<ERRORMSG>Could not find Voucher:ab500d43-8e76-4e06-81fe-96f6aba98388-00000003!"
"7.1","heavy","sales50-template","3","obj-name-guid-star","2","7.9","18.1","False","92","0","False","0","0","0","<ERRORMSG>Could not find Voucher:ab500d43-8e76-4e06-81fe-96f6aba98388-00000003!"
"7.1","heavy","sales50-template","3","obj-name-guid-star","3","6.1","31.5","False","92","0","False","0","0","0","<ERRORMSG>Could not find Voucher:ab500d43-8e76-4e06-81fe-96f6aba98388-00000003!"
"7.1","heavy","sales50-template","3","obj-name-guid-star","4","6.1","31.6","False","92","0","False","0","0","0","<ERRORMSG>Could not find Voucher:ab500d43-8e76-4e06-81fe-96f6aba98388-00000003!"
"7.1","heavy","sales50-template","3","obj-name-guid-star","5","6.2","31.6","False","92","0","False","0","0","0","<ERRORMSG>Could not find Voucher:ab500d43-8e76-4e06-81fe-96f6aba98388-00000003!"
"7.1","heavy","sales50-template","3","obj-masterid","1","6.6","31.6","False","48","0","False","0","0","0","<ERRORMSG>Could not find Voucher:3!"
"7.1","heavy","sales50-template","3","obj-masterid","2","6.6","31.6","False","48","0","False","0","0","0","<ERRORMSG>Could not find Voucher:3!"
"7.1","heavy","sales50-template","3","obj-masterid","3","6.3","31.5","False","48","0","False","0","0","0","<ERRORMSG>Could not find Voucher:3!"
"7.1","heavy","sales50-template","3","obj-masterid","4","6.4","31.6","False","48","0","False","0","0","0","<ERRORMSG>Could not find Voucher:3!"
"7.1","heavy","sales50-template","3","obj-masterid","5","6.6","31.6","False","48","0","False","0","0","0","<ERRORMSG>Could not find Voucher:3!"
"7.1","heavy","sales50-template","3","obj-name-id:mid","1","140.2","28.7","True","1431197","2","True","53","50","0",""
"7.1","heavy","sales50-template","3","obj-name-id:mid","2","129.7","27.6","True","1431197","2","True","53","50","0",""
"7.1","heavy","sales50-template","3","obj-name-id:mid","3","114.4","15.1","True","1431197","2","True","53","50","0",""
"7.1","heavy","sales50-template","3","obj-name-id:mid","4","116.6","15.1","True","1431197","2","True","53","50","0",""
"7.1","heavy","sales50-template","3","obj-name-id:mid","5","121.4","29.2","True","1431197","2","True","53","50","0",""
"7.1","heavy","sales50-template","3","obj-guid-type","1","6.2","31.6","False","92","0","False","0","0","0","<ERRORMSG>Could not find Voucher:ab500d43-8e76-4e06-81fe-96f6aba98388-00000003!"
"7.1","heavy","sales50-template","3","obj-guid-type","2","6.3","32.3","False","92","0","False","0","0","0","<ERRORMSG>Could not find Voucher:ab500d43-8e76-4e06-81fe-96f6aba98388-00000003!"
"7.1","heavy","sales50-template","3","obj-guid-type","3","6.5","31.6","False","92","0","False","0","0","0","<ERRORMSG>Could not find Voucher:ab500d43-8e76-4e06-81fe-96f6aba98388-00000003!"
"7.1","heavy","sales50-template","3","obj-guid-type","4","6.3","31.4","False","92","0","False","0","0","0","<ERRORMSG>Could not find Voucher:ab500d43-8e76-4e06-81fe-96f6aba98388-00000003!"
"7.1","heavy","sales50-template","3","obj-guid-type","5","6.4","31.7","False","92","0","False","0","0","0","<ERRORMSG>Could not find Voucher:ab500d43-8e76-4e06-81fe-96f6aba98388-00000003!"
"7.1","heavy","sales50-template","3","daybook-export-data","1","737.9","589.5","True","6052977","6","True","53","50","0",""
"7.1","heavy","sales50-template","3","daybook-export-data","2","735.1","624","True","6052977","6","True","53","50","0",""
"7.1","heavy","sales50-template","3","daybook-export-data","3","738.3","620.5","True","6052977","6","True","53","50","0",""
"7.1","heavy","sales50-template","3","daybook-export-data","4","745.8","621.5","True","6052977","6","True","53","50","0",""
"7.1","heavy","sales50-template","3","daybook-export-data","5","741.8","623.1","True","6052977","6","True","53","50","0",""
"7.1","light-tds","tds-journal","13","bymaster-bridge","1","41.9","28.9","False","5865","2","True","3","0","0",""
"7.1","light-tds","tds-journal","13","bymaster-bridge","2","39.3","28.6","False","5865","2","True","3","0","0",""
"7.1","light-tds","tds-journal","13","bymaster-bridge","3","40.5","29","False","5865","2","True","3","0","0",""
"7.1","light-tds","tds-journal","13","bymaster-bridge","4","41.3","28.7","False","5865","2","True","3","0","0",""
"7.1","light-tds","tds-journal","13","bymaster-bridge","5","43.2","27.8","False","5865","2","True","3","0","0",""
"7.1","light-tds","tds-journal","13","bynumber-bridge","1","40.9","28.7","False","5865","2","True","3","0","0",""
"7.1","light-tds","tds-journal","13","bynumber-bridge","2","39.9","28.8","False","5865","2","True","3","0","0",""
"7.1","light-tds","tds-journal","13","bynumber-bridge","3","40.8","28.7","False","5865","2","True","3","0","0",""
"7.1","light-tds","tds-journal","13","bynumber-bridge","4","42.3","15.6","False","5865","2","True","3","0","0",""
"7.1","light-tds","tds-journal","13","bynumber-bridge","5","41.8","44.7","False","5865","2","True","3","0","0",""
"7.1","light-tds","tds-journal","13","day-collection-nofilter-midonly","1","29.6","28.8","False","16670","14","True","0","0","0",""
"7.1","light-tds","tds-journal","13","day-collection-nofilter-midonly","2","32.1","29.2","False","16670","14","True","0","0","0",""
"7.1","light-tds","tds-journal","13","day-collection-nofilter-midonly","3","31.7","44.6","False","16670","14","True","0","0","0",""
"7.1","light-tds","tds-journal","13","day-collection-nofilter-midonly","4","31.8","45","False","16670","14","True","0","0","0",""
"7.1","light-tds","tds-journal","13","day-collection-nofilter-midonly","5","29.8","28.5","False","16670","14","True","0","0","0",""
"7.1","light-tds","tds-journal","13","obj-name-guid","1","6.6","45","False","92","0","False","0","0","0","<ERRORMSG>Could not find Voucher:ab500d43-8e76-4e06-81fe-96f6aba98388-0000000d!"
"7.1","light-tds","tds-journal","13","obj-name-guid","2","6.4","31.5","False","92","0","False","0","0","0","<ERRORMSG>Could not find Voucher:ab500d43-8e76-4e06-81fe-96f6aba98388-0000000d!"
"7.1","light-tds","tds-journal","13","obj-name-guid","3","6.5","31.5","False","92","0","False","0","0","0","<ERRORMSG>Could not find Voucher:ab500d43-8e76-4e06-81fe-96f6aba98388-0000000d!"
"7.1","light-tds","tds-journal","13","obj-name-guid","4","6.2","31.6","False","92","0","False","0","0","0","<ERRORMSG>Could not find Voucher:ab500d43-8e76-4e06-81fe-96f6aba98388-0000000d!"
"7.1","light-tds","tds-journal","13","obj-name-guid","5","6.6","31.4","False","92","0","False","0","0","0","<ERRORMSG>Could not find Voucher:ab500d43-8e76-4e06-81fe-96f6aba98388-0000000d!"
"7.1","light-tds","tds-journal","13","obj-name-guid-star","1","6.1","31.5","False","92","0","False","0","0","0","<ERRORMSG>Could not find Voucher:ab500d43-8e76-4e06-81fe-96f6aba98388-0000000d!"
"7.1","light-tds","tds-journal","13","obj-name-guid-star","2","6.4","47.7","False","92","0","False","0","0","0","<ERRORMSG>Could not find Voucher:ab500d43-8e76-4e06-81fe-96f6aba98388-0000000d!"
"7.1","light-tds","tds-journal","13","obj-name-guid-star","3","6.2","48.1","False","92","0","False","0","0","0","<ERRORMSG>Could not find Voucher:ab500d43-8e76-4e06-81fe-96f6aba98388-0000000d!"
"7.1","light-tds","tds-journal","13","obj-name-guid-star","4","6.1","31.5","False","92","0","False","0","0","0","<ERRORMSG>Could not find Voucher:ab500d43-8e76-4e06-81fe-96f6aba98388-0000000d!"
"7.1","light-tds","tds-journal","13","obj-name-guid-star","5","6.3","47.6","False","92","0","False","0","0","0","<ERRORMSG>Could not find Voucher:ab500d43-8e76-4e06-81fe-96f6aba98388-0000000d!"
"7.1","light-tds","tds-journal","13","obj-masterid","1","6.2","31.7","False","49","0","False","0","0","0","<ERRORMSG>Could not find Voucher:13!"
"7.1","light-tds","tds-journal","13","obj-masterid","2","6.3","31.7","False","49","0","False","0","0","0","<ERRORMSG>Could not find Voucher:13!"
"7.1","light-tds","tds-journal","13","obj-masterid","3","6.2","31.4","False","49","0","False","0","0","0","<ERRORMSG>Could not find Voucher:13!"
"7.1","light-tds","tds-journal","13","obj-masterid","4","6.7","47.5","False","49","0","False","0","0","0","<ERRORMSG>Could not find Voucher:13!"
"7.1","light-tds","tds-journal","13","obj-masterid","5","6.3","47.7","False","49","0","False","0","0","0","<ERRORMSG>Could not find Voucher:13!"
"7.1","light-tds","tds-journal","13","obj-name-id:mid","1","13.1","31.5","False","73845","2","True","3","0","1",""
"7.1","light-tds","tds-journal","13","obj-name-id:mid","2","12.9","28.6","False","73845","2","True","3","0","1",""
"7.1","light-tds","tds-journal","13","obj-name-id:mid","3","13.5","31.6","False","73845","2","True","3","0","1",""
"7.1","light-tds","tds-journal","13","obj-name-id:mid","4","13.1","31.6","False","73845","2","True","3","0","1",""
"7.1","light-tds","tds-journal","13","obj-name-id:mid","5","13.3","31.5","False","73845","2","True","3","0","1",""
"7.1","light-tds","tds-journal","13","obj-guid-type","1","6.6","31.5","False","92","0","False","0","0","0","<ERRORMSG>Could not find Voucher:ab500d43-8e76-4e06-81fe-96f6aba98388-0000000d!"
"7.1","light-tds","tds-journal","13","obj-guid-type","2","6.6","31.5","False","92","0","False","0","0","0","<ERRORMSG>Could not find Voucher:ab500d43-8e76-4e06-81fe-96f6aba98388-0000000d!"
"7.1","light-tds","tds-journal","13","obj-guid-type","3","6.3","29","False","92","0","False","0","0","0","<ERRORMSG>Could not find Voucher:ab500d43-8e76-4e06-81fe-96f6aba98388-0000000d!"
"7.1","light-tds","tds-journal","13","obj-guid-type","4","6.2","31.7","False","92","0","False","0","0","0","<ERRORMSG>Could not find Voucher:ab500d43-8e76-4e06-81fe-96f6aba98388-0000000d!"
"7.1","light-tds","tds-journal","13","obj-guid-type","5","6.5","28.9","False","92","0","False","0","0","0","<ERRORMSG>Could not find Voucher:ab500d43-8e76-4e06-81fe-96f6aba98388-0000000d!"
"7.1","light-tds","tds-journal","13","daybook-export-data","1","16.9","31.6","False","61479","1","True","3","4","1",""
"7.1","light-tds","tds-journal","13","daybook-export-data","2","16.8","17.9","False","61479","1","True","3","4","1",""
"7.1","light-tds","tds-journal","13","daybook-export-data","3","17.3","31.1","False","61479","1","True","3","4","1",""
"7.1","light-tds","tds-journal","13","daybook-export-data","4","17.6","29","False","61479","1","True","3","4","1",""
"7.1","light-tds","tds-journal","13","daybook-export-data","5","16.7","31.5","False","61479","1","True","3","4","1",""
