"rel","company","cfg","kind","mode","rep","ui_sendwait_ms","ui_first_ms","ui_settled_ms","frames","pre_ms","save_ms","post_ms","final_ms","total_ms","stamps","line_bytes_utf16","line_bytes_utf8","final","rec_lines","rec_events"
"7.1","light","types-heads","stockjournal","dup","1","0.8","65.7","3191.0","100","3.6","77.6","1","","82.2","abcd","","","","2","voucher_accept_pre voucher_accept_post"
"7.1","light","types-heads","stockjournal","alter","1","0.3","61.5","3322.8","104","1","148.1","1","","150.1","abcd","","","","2","voucher_accept_pre voucher_accept_post"
"7.1","light","types-heads","mfgjournal","dup","1","0.3","66.2","577.0","31","1","48.1","1","","50.1","abcd","","","","2","voucher_accept_pre voucher_accept_post"
"7.1","light","types-heads","mfgjournal","alter","1","0.3","64.0","510.5","30","0","49.6","1","","50.6","abcd","","","","2","voucher_accept_pre voucher_accept_post"
"7.1","light","types-heads","deliverynote","dup","1","0.3","77.7","661.1","37","1","88.9","0.4","","90.3","abcd","","","","2","voucher_accept_pre voucher_accept_post"
"7.1","light","types-heads","deliverynote","alter","1","0.3","75.6","847.1","40","1","85.7","1","","87.7","abcd","","","","2","voucher_accept_pre voucher_accept_post"
"7.1","light","types-heads","receiptnote","dup","1","0.3","61.5","852.3","43","0.4","69.8","1","","71.2","abcd","","","","2","voucher_accept_pre voucher_accept_post"
"7.1","light","types-heads","receiptnote","alter","1","0.4","77.0","897.4","43","2","89.4","1","","92.4","abcd","","","","2","voucher_accept_pre voucher_accept_post"
"7.1","light","types-heads","physicalstock","dup","1","0.3","77.0","207.3","22","1","27","1","","29","abcd","","","","2","voucher_accept_pre voucher_accept_post"
"7.1","light","types-heads","physicalstock","alter","1","0.3","77.2","271.1","22","1","41.5","1","","43.5","abcd","","","","2","voucher_accept_pre voucher_accept_post"
"7.1","light","types-heads","salesbatch","dup","1","0.3","76.9","2490.1","80","1","302.9","1","","304.9","abcd","","","","2","voucher_accept_pre voucher_accept_post"
"7.1","light","types-heads","salesbatch","alter","1","0.3","76.8","76.8","18","1","349.3","1","","351.3","abcd","","","","2","voucher_accept_pre voucher_accept_post"
"7.1","light","types-full","stockjournal","dup","1","0.3","64.2","3723.9","115","1","87.6","29.1","14.4","132.2","abcde","65862","32931","FCF1|ev=voucher_final|cguid=ca308654-aab7-460f-b462-73507af28443|form_guid=ca308654-aab7-460f-b462-73507af28443-00000005|form_mid=18|form_aid=12|db_guid=ca308654-aab7-460f-b462-73507af28443-00000012|db_mid=18|db_aid=25|cmp_altvchid=|cmp_altmstid=|end=1","0",""
"7.1","light","types-full","stockjournal","alter","1","0.3","63.5","3209.4","94","1","168.2","15.2","9","193.4","abcde","65860","32930","FCF1|ev=voucher_final|cguid=ca308654-aab7-460f-b462-73507af28443|form_guid=ca308654-aab7-460f-b462-73507af28443-00000005|form_mid=5|form_aid=12|db_guid=ca308654-aab7-460f-b462-73507af28443-00000005|db_mid=5|db_aid=26|cmp_altvchid=|cmp_altmstid=|end=1","0",""
"7.1","light","types-full","mfgjournal","dup","1","0.3","65.2","515.2","29","0","41.8","2.4","13.7","58","abcde","6964","3482","FCF1|ev=voucher_final|cguid=ca308654-aab7-460f-b462-73507af28443|form_guid=ca308654-aab7-460f-b462-73507af28443-0000000c|form_mid=19|form_aid=13|db_guid=ca308654-aab7-460f-b462-73507af28443-00000013|db_mid=19|db_aid=27|cmp_altvchid=|cmp_altmstid=|end=1","0",""
"7.1","light","types-full","mfgjournal","alter","1","0.3","64.7","529.0","30","0","53.2","4.4","13.1","70.7","abcde","6850","3425","FCF1|ev=voucher_final|cguid=ca308654-aab7-460f-b462-73507af28443|form_guid=ca308654-aab7-460f-b462-73507af28443-00000006|form_mid=6|form_aid=14|db_guid=ca308654-aab7-460f-b462-73507af28443-00000006|db_mid=6|db_aid=28|cmp_altvchid=|cmp_altmstid=|end=1","0",""
"7.1","light","types-full","deliverynote","dup","1","0.3","48.8","402.0","26","1","91.1","7","13","112.1","abcde","5074","2537","FCF1|ev=voucher_final|cguid=ca308654-aab7-460f-b462-73507af28443|form_guid=ca308654-aab7-460f-b462-73507af28443-0000000d|form_mid=20|form_aid=15|db_guid=ca308654-aab7-460f-b462-73507af28443-00000014|db_mid=20|db_aid=29|cmp_altvchid=|cmp_altmstid=|end=1","0",""
"7.1","light","types-full","deliverynote","alter","1","0.4","77.1","913.4","43","0.5","88.6","7","16","112.1","abcde","5072","2536","FCF1|ev=voucher_final|cguid=ca308654-aab7-460f-b462-73507af28443|form_guid=ca308654-aab7-460f-b462-73507af28443-00000007|form_mid=7|form_aid=16|db_guid=ca308654-aab7-460f-b462-73507af28443-00000007|db_mid=7|db_aid=30|cmp_altvchid=|cmp_altmstid=|end=1","0",""
"7.1","light","types-full","receiptnote","dup","1","0.3","76.9","725.3","39","0","72.2","6.2","14","92.3","abcde","5078","2539","FCF1|ev=voucher_final|cguid=ca308654-aab7-460f-b462-73507af28443|form_guid=ca308654-aab7-460f-b462-73507af28443-0000000e|form_mid=21|form_aid=17|db_guid=ca308654-aab7-460f-b462-73507af28443-00000015|db_mid=21|db_aid=31|cmp_altvchid=|cmp_altmstid=|end=1","0",""
"7.1","light","types-full","receiptnote","alter","1","0.3","77.0","897.9","42","0","77.4","10","16","103.4","abcde","5076","2538","FCF1|ev=voucher_final|cguid=ca308654-aab7-460f-b462-73507af28443|form_guid=ca308654-aab7-460f-b462-73507af28443-00000008|form_mid=8|form_aid=18|db_guid=ca308654-aab7-460f-b462-73507af28443-00000008|db_mid=8|db_aid=32|cmp_altvchid=|cmp_altmstid=|end=1","0",""
"7.1","light","types-full","physicalstock","dup","1","0.3","63.0","268.8","24","0.4","32.1","5","12.1","49.6","abcde","3596","1798","FCF1|ev=voucher_final|cguid=ca308654-aab7-460f-b462-73507af28443|form_guid=ca308654-aab7-460f-b462-73507af28443-0000000f|form_mid=22|form_aid=19|db_guid=ca308654-aab7-460f-b462-73507af28443-00000016|db_mid=22|db_aid=33|cmp_altvchid=|cmp_altmstid=|end=1","0",""
"7.1","light","types-full","physicalstock","alter","1","0.3","62.0","300.1","26","0.6","36","3","13.4","53","abcde","3594","1797","FCF1|ev=voucher_final|cguid=ca308654-aab7-460f-b462-73507af28443|form_guid=ca308654-aab7-460f-b462-73507af28443-00000009|form_mid=9|form_aid=20|db_guid=ca308654-aab7-460f-b462-73507af28443-00000009|db_mid=9|db_aid=34|cmp_altvchid=|cmp_altmstid=|end=1","0",""
"7.1","light","types-full","salesbatch","dup","1","0.1","64.5","2729.8","92","0","361.2","70.2","12.4","443.8","abcde","45156","22578","FCF1|ev=voucher_final|cguid=ca308654-aab7-460f-b462-73507af28443|form_guid=ca308654-aab7-460f-b462-73507af28443-00000010|form_mid=23|form_aid=21|db_guid=ca308654-aab7-460f-b462-73507af28443-00000017|db_mid=23|db_aid=35|cmp_altvchid=|cmp_altmstid=|end=1","0",""
"7.1","light","types-full","salesbatch","alter","1","0.4","76.8","2363.0","79","0","349.9","51.5","11","412.5","abcde","45156","22578","FCF1|ev=voucher_final|cguid=ca308654-aab7-460f-b462-73507af28443|form_guid=ca308654-aab7-460f-b462-73507af28443-0000000a|form_mid=10|form_aid=22|db_guid=ca308654-aab7-460f-b462-73507af28443-0000000a|db_mid=10|db_aid=36|cmp_altvchid=|cmp_altmstid=|end=1","0",""
