"rel","n","step","obj234","obj234_ms","obj234_entry","bm233","bm233_ms","bm233_entry","alive_after","restart_answers","bm233_after_restart"
"5.1","1","masters","True","11","True","True","27","True","True","",""
"5.1","2","receipt-agst","True","11","True","True","29","True","True","",""
"5.1","3","receipt-plain","True","10","True","True","28","True","True","",""
"5.1","4","payment-agst","True","11","True","True","37","True","True","",""
"5.1","5","payment-expense","True","11","True","True","31","True","True","",""
"5.1","6","contra","True","11","True","True","31","True","True","",""
"5.1","7","journal-party","True","10","True","True","30","True","True","",""
"5.1","8","journal-plain","True","10","True","True","30","True","True","",""
"5.1","9","sales-new","True","11","True","True","30","True","True","",""
"5.1","10","copy-sales-new","True","10","True","True","27","True","True","",""
"5.1","11","sales-new2","True","16","True","True","34","True","True","",""
"5.1","12","purchase-new","True","11","True","True","30","True","True","",""
"5.1","13","purchase-new2","True","9","True","True","29","True","True","",""
"5.1","14","sales-agst","True","13","True","True","30","True","True","",""
"5.1","15","purchase-agst","True","11","True","True","28","True","True","",""
"5.1","16","credit-note","True","9","True","True","26","True","True","",""
"5.1","17","copy-journal-party","True","9","True","True","28","True","True","",""
"5.1","18","copy-receipt-plain","True","10","True","True","30","True","True","",""
"5.1","19","alter-receipt-plain","True","10","True","True","31","True","True","",""
"5.1","20","alter-sales-new","True","12","True","True","33","True","True","",""
"5.1","21","alter-receipt-agst","True","9","True","True","25","True","True","",""
"5.1","22","alter-payroll","True","11","True","True","30","True","True","",""
"5.1","23","copy-payroll","True","9","True","True","27","True","True","",""
