"rel","factor","case","company","vouchers","masters","mid","form","rep","ms","tally_cpu_ms","bytes","vouchers_in_answer","has_target","err"
"3.0","F3","4000-local","FinCom Spike Co","4000","600","4002","bymaster","0","277.9","266","81126","2","True",""
"3.0","F3","4000-local","FinCom Spike Co","4000","600","4002","objid","0","23","16","128224","2","True",""
"3.0","F3","4000-local","FinCom Spike Co","4000","600","4002","daybook","0","23.5","0","98291","1","True",""
"3.0","F3","4000-local","FinCom Spike Co","4000","600","4002","bymaster","1","280.6","281","81126","2","True",""
"3.0","F3","4000-local","FinCom Spike Co","4000","600","4002","objid","1","10","0","128224","2","True",""
"3.0","F3","4000-local","FinCom Spike Co","4000","600","4002","daybook","1","12.3","16","98291","1","True",""
"3.0","F3","4000-local","FinCom Spike Co","4000","600","4002","bymaster","2","284.4","281","81126","2","True",""
"3.0","F3","4000-local","FinCom Spike Co","4000","600","4002","objid","2","10.8","16","128224","2","True",""
"3.0","F3","4000-local","FinCom Spike Co","4000","600","4002","daybook","2","12.5","16","98291","1","True",""
"3.0","F3","4000-local","FinCom Spike Co","4000","600","4002","bymaster","3","311.9","312","81126","2","True",""
"3.0","F3","4000-local","FinCom Spike Co","4000","600","4002","objid","3","10.7","0","128224","2","True",""
"3.0","F3","4000-local","FinCom Spike Co","4000","600","4002","daybook","3","13.3","16","98291","1","True",""
"3.0","F3","4000-local","FinCom Spike Co","4000","600","4002","bymaster","4","332.6","328","81126","2","True",""
"3.0","F3","4000-local","FinCom Spike Co","4000","600","4002","objid","4","10.6","16","128224","2","True",""
"3.0","F3","4000-local","FinCom Spike Co","4000","600","4002","daybook","4","13","16","98291","1","True",""
"3.0","F3","4000-local","FinCom Spike Co","4000","600","4002","bymaster","5","341","344","81126","2","True",""
"3.0","F3","4000-local","FinCom Spike Co","4000","600","4002","objid","5","10.4","16","128224","2","True",""
"3.0","F3","4000-local","FinCom Spike Co","4000","600","4002","daybook","5","13.1","16","98291","1","True",""
"3.0","F3","4000-smb-unc","FinCom Spike Co","4000","600","4002","bymaster","0","307.6","297","81126","2","True",""
"3.0","F3","4000-smb-unc","FinCom Spike Co","4000","600","4002","objid","0","30.4","31","128224","2","True",""
"3.0","F3","4000-smb-unc","FinCom Spike Co","4000","600","4002","daybook","0","30","16","98291","1","True",""
"3.0","F3","4000-smb-unc","FinCom Spike Co","4000","600","4002","bymaster","1","333.1","328","81126","2","True",""
"3.0","F3","4000-smb-unc","FinCom Spike Co","4000","600","4002","objid","1","16.1","16","128224","2","True",""
"3.0","F3","4000-smb-unc","FinCom Spike Co","4000","600","4002","daybook","1","25","16","98291","1","True",""
"3.0","F3","4000-smb-unc","FinCom Spike Co","4000","600","4002","bymaster","2","368.1","359","81126","2","True",""
"3.0","F3","4000-smb-unc","FinCom Spike Co","4000","600","4002","objid","2","19","16","128224","2","True",""
"3.0","F3","4000-smb-unc","FinCom Spike Co","4000","600","4002","daybook","2","25.1","31","98291","1","True",""
"3.0","F3","4000-smb-unc","FinCom Spike Co","4000","600","4002","bymaster","3","381.9","375","81126","2","True",""
"3.0","F3","4000-smb-unc","FinCom Spike Co","4000","600","4002","objid","3","17.7","16","128224","2","True",""
"3.0","F3","4000-smb-unc","FinCom Spike Co","4000","600","4002","daybook","3","22.8","0","98291","1","True",""
"3.0","F3","4000-smb-unc","FinCom Spike Co","4000","600","4002","bymaster","4","385.7","375","81126","2","True",""
"3.0","F3","4000-smb-unc","FinCom Spike Co","4000","600","4002","objid","4","16.6","16","128224","2","True",""
"3.0","F3","4000-smb-unc","FinCom Spike Co","4000","600","4002","daybook","4","22.5","16","98291","1","True",""
"3.0","F3","4000-smb-unc","FinCom Spike Co","4000","600","4002","bymaster","5","382.7","375","81126","2","True",""
"3.0","F3","4000-smb-unc","FinCom Spike Co","4000","600","4002","objid","5","16.2","16","128224","2","True",""
"3.0","F3","4000-smb-unc","FinCom Spike Co","4000","600","4002","daybook","5","22.2","16","98291","1","True",""
"3.0","F3","4000-smb-unc-second-opener","FinCom Spike Co","4000","600","4002","bymaster","0","300021.4","298875","0","0","False",""
"3.0","F3","4000-smb-unc-second-opener","FinCom Spike Co","4000","600","4002","objid","0","300002.9","298391","0","0","False",""
"3.0","F3","4000-smb-unc-second-opener","FinCom Spike Co","4000","600","4002","daybook","0","300003.3","292844","0","0","False",""
"3.0","F3","4000-smb-unc-second-opener","FinCom Spike Co","4000","600","4002","bymaster","1","300003.3","299688","0","0","False",""
"3.0","F3","4000-smb-unc-second-opener","FinCom Spike Co","4000","600","4002","objid","1","300004","299578","0","0","False",""
"3.0","F3","4000-smb-unc-second-opener","FinCom Spike Co","4000","600","4002","daybook","1","300003","299656","0","0","False",""
"3.0","F3","4000-smb-unc-second-opener","FinCom Spike Co","4000","600","4002","bymaster","2","300002.5","299781","0","0","False",""
"3.0","F3","4000-smb-unc-second-opener","FinCom Spike Co","4000","600","4002","objid","2","300003.4","299594","0","0","False",""
"3.0","F3","4000-smb-unc-second-opener","FinCom Spike Co","4000","600","4002","daybook","2","300002.9","299812","0","0","False",""
"3.0","F3","4000-smb-unc-second-opener","FinCom Spike Co","4000","600","4002","bymaster","3","300003","299344","0","0","False",""
"3.0","F3","4000-smb-unc-second-opener","FinCom Spike Co","4000","600","4002","objid","3","300002.9","299609","0","0","False",""
"3.0","F3","4000-smb-unc-second-opener","FinCom Spike Co","4000","600","4002","daybook","3","296583.1","296359","98291","1","True",""
"3.0","F3","4000-smb-unc-second-opener","FinCom Spike Co","4000","600","4002","bymaster","4","447.6","438","81126","2","True",""
"3.0","F3","4000-smb-unc-second-opener","FinCom Spike Co","4000","600","4002","objid","4","19.9","0","128224","2","True",""
"3.0","F3","4000-smb-unc-second-opener","FinCom Spike Co","4000","600","4002","daybook","4","26.9","0","98291","1","True",""
"3.0","F3","4000-smb-unc-second-opener","FinCom Spike Co","4000","600","4002","bymaster","5","443.2","438","81126","2","True",""
"3.0","F3","4000-smb-unc-second-opener","FinCom Spike Co","4000","600","4002","objid","5","19.7","16","128224","2","True",""
"3.0","F3","4000-smb-unc-second-opener","FinCom Spike Co","4000","600","4002","daybook","5","27","31","98291","1","True",""
