"rel","case","form","i","ms","tally_cpu_ms","tally_private_mb","tally_ws_mb","handles","bytes","has_target"
"7.1","4000 session 1","bymaster","1","555.1","547","479.6","513.8","473","20622","True"
"7.1","4000 session 1","bymaster","2","511.9","516","480.3","514.6","473","20622","True"
"7.1","4000 session 1","bymaster","3","528.2","531","478.6","512.9","473","20622","True"
"7.1","4000 session 1","bymaster","4","562.9","562","479.9","514.2","473","20622","True"
"7.1","4000 session 1","bymaster","5","572.4","578","479.3","513.6","473","20622","True"
"7.1","4000 session 1","bymaster","6","572.3","562","480.3","514.6","473","20622","True"
"7.1","4000 session 1","bymaster","7","697.7","688","479.5","513.9","473","20622","True"
"7.1","4000 session 1","bymaster","8","695.4","688","480.1","514.4","473","20622","True"
"7.1","4000 session 1","bymaster","9","625.6","625","480.9","515.2","473","20622","True"
"7.1","4000 session 1","bymaster","10","614.1","594","479.9","514.3","473","20622","True"
"7.1","4000 session 1","bymaster","11","637.2","641","483.6","517.9","473","20622","True"
"7.1","4000 session 1","bymaster","12","632.2","625","483.6","517.9","473","20622","True"
"7.1","4000 session 1","bymaster","13","630.5","578","483.1","517.3","473","20622","True"
"7.1","4000 session 1","bymaster","14","647","641","483.6","517.9","473","20622","True"
"7.1","4000 session 1","bymaster","15","651","656","483.6","517.9","473","20622","True"
"7.1","4000 session 1","bymaster","16","657.6","656","483.6","517.9","473","20622","True"
"7.1","4000 session 1","bymaster","17","656.3","656","483.9","518.2","473","20622","True"
"7.1","4000 session 1","bymaster","18","654.8","656","483.9","518.2","473","20622","True"
"7.1","4000 session 1","bymaster","19","642","641","483.9","518.2","473","20622","True"
"7.1","4000 session 1","bymaster","20","675.7","672","483.9","518.2","473","20622","True"
"7.1","4000 session 1","bymaster","21","662.4","656","484.4","518.7","473","20622","True"
"7.1","4000 session 1","bymaster","22","635","609","484.6","519","473","20622","True"
"7.1","4000 session 1","bymaster","23","632.8","656","484.6","519","473","20622","True"
"7.1","4000 session 1","bymaster","24","633.7","625","484.9","519.2","473","20622","True"
"7.1","4000 session 1","bymaster","25","636.2","641","484.9","519.2","473","20622","True"
"7.1","4000 session 1","bymaster","26","661.4","656","484.9","519.3","473","20622","True"
"7.1","4000 session 1","bymaster","27","643.3","641","484.9","519.3","473","20622","True"
"7.1","4000 session 1","bymaster","28","628.1","625","484.9","519.3","473","20622","True"
"7.1","4000 session 1","bymaster","29","649","641","484.9","519.3","473","20622","True"
"7.1","4000 session 1","bymaster","30","623.4","625","484.9","519.3","473","20622","True"
"7.1","4000 session 1","bymaster","31","632.6","625","484.9","519.3","473","20622","True"
"7.1","4000 session 1","bymaster","32","638.2","641","484.8","519.2","473","20622","True"
"7.1","4000 session 1","bymaster","33","658.8","656","484.8","519.2","473","20622","True"
"7.1","4000 session 1","bymaster","34","648","641","484.8","519.2","473","20622","True"
"7.1","4000 session 1","bymaster","35","643.5","641","484.8","519.2","473","20622","True"
"7.1","4000 session 1","bymaster","36","654.6","641","485.1","519.5","473","20622","True"
"7.1","4000 session 1","bymaster","37","664.4","656","485.1","519.5","473","20622","True"
"7.1","4000 session 1","bymaster","38","648.9","625","485.1","519.5","473","20622","True"
"7.1","4000 session 1","bymaster","39","637.6","641","485.1","519.5","473","20622","True"
"7.1","4000 session 1","bymaster","40","648.9","641","485.1","519.5","473","20622","True"
"7.1","4000 session 1 (after the 40)","objid","1","46.8","47","485.1","519.5","473","145583","True"
"7.1","4000 session 1 (after the 40)","objid","2","19.8","16","485.1","519.5","473","145583","True"
"7.1","4000 session 1 (after the 40)","objid","3","18.5","16","485.1","519.5","473","145583","True"
"7.1","4000 session 1 (after the 40)","objid","4","22.6","16","485.1","519.5","473","145583","True"
"7.1","4000 session 1 (after the 40)","objid","5","18.6","16","485.1","519.5","473","145583","True"
"7.1","4000 session 1 (after the 40)","objid","6","19.1","16","485.1","519.5","473","145583","True"
"7.1","4000 session 1 (after the 40)","objid","7","20.8","16","485.1","519.5","473","145583","True"
"7.1","4000 session 1 (after the 40)","objid","8","20.5","16","485.1","519.5","473","145583","True"
"7.1","4000 session 1 (after the 40)","objid","9","19.9","16","485.1","519.5","473","145583","True"
"7.1","4000 session 1 (after the 40)","objid","10","19.3","16","485.1","519.5","473","145583","True"
"7.1","4000 session 2 (Tally restarted)","bymaster","1","477","469","462.5","496.3","471","20622","True"
"7.1","4000 session 2 (Tally restarted)","bymaster","2","462.6","453","464.6","498.8","473","20622","True"
"7.1","4000 session 2 (Tally restarted)","bymaster","3","478.1","453","466.8","501","473","20622","True"
"7.1","4000 session 2 (Tally restarted)","bymaster","4","553.3","547","466.7","500.9","473","20622","True"
"7.1","4000 session 2 (Tally restarted)","bymaster","5","531.5","516","466.2","500.5","473","20622","True"
