"rel","gst","isgston","entry","made","mid","vno","form","addon","same_session","fresh_up","answered","ms","chars","has_entry","err","alive_after","alive_60s_later","cpu","restart_answers","entry_listed_after_restart"
"6.2","on","Yes","xml","Sales 4 of 20261002, 'share e-invoice'","23","4","published-233-FinComVoucherByMaster","True","False","True","True","28","15419","True","","True","True","","",""
"6.2","on","Yes","xml","Sales 4 of 20261002, 'share e-invoice'","23","4","new-234-FinComVoucherObject","True","False","True","True","23","52574","True","","True","True","","",""
"6.2","on","Yes","xml","Sales 4 of 20261002, 'share e-invoice'","23","4","hanging","True","False","True","True","27","14498","True","","True","True","","",""
"6.2","on","Yes","mid1-Journal","Journal 1 of 20260401, 'spike TDSDesk:test-1'","1","1","published-233","True","False","True","True","32","15254","True","","True","True","","",""
"6.2","on","Yes","mid2-Journal","Journal 2 of 20261001, 'share open SB-1'","2","2","published-233","True","False","True","True","32","14905","True","","True","True","","",""
"6.2","on","Yes","mid3-Journal","Journal 3 of 20261001, 'share open PB-1'","3","3","published-233","True","False","True","True","32","14911","True","","True","True","","",""
"6.2","on","Yes","mid4-Journal","Journal 4 of 20261001, 'share open ADVS-1'","4","4","published-233","True","False","True","True","33","14902","True","","True","True","","",""
"6.2","on","Yes","mid5-Journal","Journal 5 of 20261001, 'share open ADVP-1'","5","5","published-233","True","False","True","True","32","14909","True","","True","True","","",""
"6.2","on","Yes","mid6-Payroll","Payroll 1 of 20261001, 'share payroll template'","6","1","published-233","True","False","True","True","32","21366","True","","True","True","","",""
"6.2","on","Yes","mid7-Receipt","Receipt 1 of 20261002, 'share receipt agst'","7","1","published-233","True","False","True","True","27","14972","True","","True","True","","",""
"6.2","on","Yes","mid8-Receipt","Receipt 2 of 20261002, 'share receipt plain'","8","2","published-233","True","False","True","True","27","14469","True","","True","True","","",""
"6.2","on","Yes","mid9-Payment","Payment 1 of 20261002, 'share payment agst'","9","1","published-233","True","False","True","True","27","14979","True","","True","True","","",""
"6.2","on","Yes","mid10-Payment","Payment 2 of 20261002, 'share payment expense'","10","2","published-233","True","False","True","True","27","14475","True","","True","True","","",""
"6.2","on","Yes","mid11-Contra","Contra 1 of 20261002, ''","11","1","published-233","True","False","True","True","31","15262","True","","True","True","","",""
"6.2","on","Yes","mid12-Journal","Journal 6 of 20261002, ''","12","6","published-233","True","False","True","True","28","15397","True","","True","True","","",""
"6.2","on","Yes","mid13-Journal","Journal 7 of 20261002, ''","13","7","published-233","True","False","True","True","29","14884","True","","True","True","","",""
"6.2","on","Yes","mid14-Sales","Sales 1 of 20261002, ''","14","1","published-233","True","False","True","True","34","33646","True","","True","True","","",""
"6.2","on","Yes","mid15-Sales","Sales 2 of 20261002, ''","15","2","published-233","True","False","True","True","37","33648","True","","True","True","","",""
"6.2","on","Yes","mid16-Sales","Sales 3 of 20261002, ''","16","3","published-233","True","False","True","True","37","33646","True","","True","True","","",""
"6.2","on","Yes","mid17-Purchase","Purchase 1 of 20261002, ''","17","1","published-233","True","False","True","True","40","33860","True","","True","True","","",""
"6.2","on","Yes","mid18-Purchase","Purchase 2 of 20261002, ''","18","2","published-233","True","False","True","True","36","33860","True","","True","True","","",""
"6.2","on","Yes","mid19-CreditNote","Credit Note 1 of 20261002, ''","19","1","published-233","True","False","True","True","36","33671","True","","True","True","","",""
"6.2","on","Yes","mid20-Journal","Journal 8 of 20261002, ''","20","8","published-233","True","False","True","True","27","14884","True","","True","True","","",""
"6.2","on","Yes","mid21-Receipt","Receipt 3 of 20261002, 'share receipt plain'","21","3","published-233","True","False","True","True","29","14470","True","","True","True","","",""
"6.2","on","Yes","mid22-Payroll","Payroll 2 of 20261001, 'share payroll template'","22","2","published-233","True","False","True","True","28","22632","True","","True","True","","",""
"6.2","on","Yes","mid23-Sales","Sales 4 of 20261002, 'share e-invoice'","23","4","published-233","True","False","True","True","30","15419","True","","True","True","","",""
"6.2","on","Yes","mid1-Journal","Journal 1 of 20260401, 'spike TDSDesk:test-1'","1","1","new-234","True","False","True","True","21","49900","True","","True","True","","",""
"6.2","on","Yes","mid2-Journal","Journal 2 of 20261001, 'share open SB-1'","2","2","new-234","True","False","True","True","20","50751","True","","True","True","","",""
"6.2","on","Yes","mid3-Journal","Journal 3 of 20261001, 'share open PB-1'","3","3","new-234","True","False","True","True","21","50757","True","","True","True","","",""
"6.2","on","Yes","mid4-Journal","Journal 4 of 20261001, 'share open ADVS-1'","4","4","new-234","True","False","True","True","20","50749","True","","True","True","","",""
"6.2","on","Yes","mid5-Journal","Journal 5 of 20261001, 'share open ADVP-1'","5","5","new-234","True","False","True","True","20","50756","True","","True","True","","",""
"6.2","on","Yes","mid6-Payroll","Payroll 1 of 20261001, 'share payroll template'","6","1","new-234","True","False","True","True","21","65365","True","","True","True","","",""
"6.2","on","Yes","mid7-Receipt","Receipt 1 of 20261002, 'share receipt agst'","7","1","new-234","True","False","True","True","21","50786","True","","True","True","","",""
"6.2","on","Yes","mid8-Receipt","Receipt 2 of 20261002, 'share receipt plain'","8","2","new-234","True","False","True","True","20","50453","True","","True","True","","",""
"6.2","on","Yes","mid9-Payment","Payment 1 of 20261002, 'share payment agst'","9","1","new-234","True","False","True","True","21","50794","True","","True","True","","",""
"6.2","on","Yes","mid10-Payment","Payment 2 of 20261002, 'share payment expense'","10","2","new-234","True","False","True","True","21","50463","True","","True","True","","",""
"6.2","on","Yes","mid11-Contra","Contra 1 of 20261002, ''","11","1","new-234","True","False","True","True","21","55829","True","","True","True","","",""
"6.2","on","Yes","mid12-Journal","Journal 6 of 20261002, ''","12","6","new-234","True","False","True","True","22","51361","True","","True","True","","",""
"6.2","on","Yes","mid13-Journal","Journal 7 of 20261002, ''","13","7","new-234","True","False","True","True","20","51001","True","","True","True","","",""
"6.2","on","Yes","mid14-Sales","Sales 1 of 20261002, ''","14","1","new-234","True","False","True","True","29","64265","True","","True","True","","",""
"6.2","on","Yes","mid15-Sales","Sales 2 of 20261002, ''","15","2","new-234","True","False","True","True","29","64266","True","","True","True","","",""
"6.2","on","Yes","mid16-Sales","Sales 3 of 20261002, ''","16","3","new-234","True","False","True","True","30","64265","True","","True","True","","",""
"6.2","on","Yes","mid17-Purchase","Purchase 1 of 20261002, ''","17","1","new-234","True","False","True","True","28","64784","True","","True","True","","",""
"6.2","on","Yes","mid18-Purchase","Purchase 2 of 20261002, ''","18","2","new-234","True","False","True","True","28","64784","True","","True","True","","",""
"6.2","on","Yes","mid19-CreditNote","Credit Note 1 of 20261002, ''","19","1","new-234","True","False","True","True","28","64288","True","","True","True","","",""
"6.2","on","Yes","mid20-Journal","Journal 8 of 20261002, ''","20","8","new-234","True","False","True","True","20","51001","True","","True","True","","",""
"6.2","on","Yes","mid21-Receipt","Receipt 3 of 20261002, 'share receipt plain'","21","3","new-234","True","False","True","True","20","50457","True","","True","True","","",""
"6.2","on","Yes","mid22-Payroll","Payroll 2 of 20261001, 'share payroll template'","22","2","new-234","True","False","True","True","28","73085","True","","True","True","","",""
"6.2","on","Yes","mid23-Sales","Sales 4 of 20261002, 'share e-invoice'","23","4","new-234","True","False","True","True","23","52574","True","","True","True","","",""
"6.2","off","No","xml","Sales 4 of 20261002, 'share e-invoice'","23","4","published-233-FinComVoucherByMaster","True","False","True","True","30","15419","True","","True","True","","",""
"6.2","off","No","xml","Sales 4 of 20261002, 'share e-invoice'","23","4","new-234-FinComVoucherObject","True","False","True","True","23","52574","True","","True","True","","",""
"6.2","off","No","xml","Sales 4 of 20261002, 'share e-invoice'","23","4","hanging","True","False","True","True","31","14498","True","","True","True","","",""
"6.2","on","Yes","xml-after-typed-save","Sales 4 of 20261002, 'share e-invoice'","23","4","published-233-same-session","True","True","True","True","30","15419","True","","True","True","","",""
