"rel","case","kind","type","vno","date","mid","form","rep","ms","bytes","vouchers_in_answer","has_target","err"
"3.0","small","sales-4","Sales","4","20261101","19","object","0","24.4","58853","2","True",""
"3.0","small","sales-4","Sales","4","20261101","19","object","1","9.4","58853","2","True",""
"3.0","small","sales-4","Sales","4","20261101","19","object","2","8.5","58853","2","True",""
"3.0","small","sales-4","Sales","4","20261101","19","object","3","9.2","58853","2","True",""
"3.0","small","sales-4","Sales","4","20261101","19","object","4","8.4","58853","2","True",""
"3.0","small","sales-4","Sales","4","20261101","19","object","5","9","58853","2","True",""
"3.0","small","sales-4","Sales","4","20261101","19","bymaster","0","42","25630","2","True",""
"3.0","small","sales-4","Sales","4","20261101","19","bymaster","1","38.6","25630","2","True",""
"3.0","small","sales-4","Sales","4","20261101","19","bymaster","2","39.6","25630","2","True",""
"3.0","small","sales-4","Sales","4","20261101","19","bymaster","3","48.3","25630","2","True",""
"3.0","small","sales-4","Sales","4","20261101","19","bymaster","4","51.8","25630","2","True",""
"3.0","small","sales-4","Sales","4","20261101","19","bymaster","5","48.4","25630","2","True",""
"3.0","small","sales-4","Sales","4","20261101","19","bynumber","0","61.3","25630","2","True",""
"3.0","small","sales-4","Sales","4","20261101","19","bynumber","1","59.5","25630","2","True",""
"3.0","small","sales-4","Sales","4","20261101","19","bynumber","2","54.6","25630","2","True",""
"3.0","small","sales-4","Sales","4","20261101","19","bynumber","3","53.8","25630","2","True",""
"3.0","small","sales-4","Sales","4","20261101","19","bynumber","4","58.7","25630","2","True",""
"3.0","small","sales-4","Sales","4","20261101","19","bynumber","5","47.4","25630","2","True",""
"3.0","small","sales-5","Sales","5","20261101","21","object","0","519.8","4897128","2","True",""
"3.0","small","sales-5","Sales","5","20261101","21","object","1","482.6","4897128","2","True",""
"3.0","small","sales-5","Sales","5","20261101","21","object","2","509.8","4897128","2","True",""
"3.0","small","sales-5","Sales","5","20261101","21","object","3","499.7","4897128","2","True",""
"3.0","small","sales-5","Sales","5","20261101","21","object","4","485.6","4897128","2","True",""
"3.0","small","sales-5","Sales","5","20261101","21","object","5","501","4897128","2","True",""
"3.0","small","sales-5","Sales","5","20261101","21","bymaster","0","311.6","2757229","2","True",""
"3.0","small","sales-5","Sales","5","20261101","21","bymaster","1","282.3","2757229","2","True",""
"3.0","small","sales-5","Sales","5","20261101","21","bymaster","2","250.6","2757229","2","True",""
"3.0","small","sales-5","Sales","5","20261101","21","bymaster","3","259.3","2757229","2","True",""
"3.0","small","sales-5","Sales","5","20261101","21","bymaster","4","270.8","2757229","2","True",""
"3.0","small","sales-5","Sales","5","20261101","21","bymaster","5","268.7","2757229","2","True",""
"3.0","small","sales-5","Sales","5","20261101","21","bynumber","0","270.4","2757229","2","True",""
"3.0","small","sales-5","Sales","5","20261101","21","bynumber","1","271.9","2757229","2","True",""
"3.0","small","sales-5","Sales","5","20261101","21","bynumber","2","277","2757229","2","True",""
"3.0","small","sales-5","Sales","5","20261101","21","bynumber","3","250.1","2757229","2","True",""
"3.0","small","sales-5","Sales","5","20261101","21","bynumber","4","247.4","2757229","2","True",""
"3.0","small","sales-5","Sales","5","20261101","21","bynumber","5","266","2757229","2","True",""
"3.0","small","sales-6","Sales","6","20261101","22","object","0","1326.6","12151976","2","True",""
"3.0","small","sales-6","Sales","6","20261101","22","object","1","1389.5","12151976","2","True",""
"3.0","small","sales-6","Sales","6","20261101","22","object","2","1352.2","12151976","2","True",""
"3.0","small","sales-6","Sales","6","20261101","22","object","3","1417.8","12151976","2","True",""
"3.0","small","sales-6","Sales","6","20261101","22","object","4","1331.3","12151976","2","True",""
"3.0","small","sales-6","Sales","6","20261101","22","object","5","1384.6","12151976","2","True",""
"3.0","small","sales-6","Sales","6","20261101","22","bymaster","0","635.8","6829326","2","True",""
"3.0","small","sales-6","Sales","6","20261101","22","bymaster","1","628.9","6829326","2","True",""
"3.0","small","sales-6","Sales","6","20261101","22","bymaster","2","627.7","6829326","2","True",""
"3.0","small","sales-6","Sales","6","20261101","22","bymaster","3","634.1","6829326","2","True",""
"3.0","small","sales-6","Sales","6","20261101","22","bymaster","4","623.4","6829326","2","True",""
"3.0","small","sales-6","Sales","6","20261101","22","bymaster","5","629.1","6829326","2","True",""
"3.0","small","sales-6","Sales","6","20261101","22","bynumber","0","641","6829326","2","True",""
"3.0","small","sales-6","Sales","6","20261101","22","bynumber","1","634.5","6829326","2","True",""
"3.0","small","sales-6","Sales","6","20261101","22","bynumber","2","646.4","6829326","2","True",""
"3.0","small","sales-6","Sales","6","20261101","22","bynumber","3","618.4","6829326","2","True",""
"3.0","small","sales-6","Sales","6","20261101","22","bynumber","4","623.3","6829326","2","True",""
"3.0","small","sales-6","Sales","6","20261101","22","bynumber","5","656.3","6829326","2","True",""
"3.0","big","receipt-1","Receipt","1","20261001","4","object","0","26.3","63701","2","True",""
"3.0","big","receipt-1","Receipt","1","20261001","4","object","1","8.8","63701","2","True",""
"3.0","big","receipt-1","Receipt","1","20261001","4","object","2","8.5","63701","2","True",""
"3.0","big","receipt-1","Receipt","1","20261001","4","object","3","13","63701","2","True",""
"3.0","big","receipt-1","Receipt","1","20261001","4","object","4","27.1","63701","2","True",""
"3.0","big","receipt-1","Receipt","1","20261001","4","object","5","11","63701","2","True",""
"3.0","big","receipt-1","Receipt","1","20261001","4","bymaster","0","15294.6","21278","2","True",""
"3.0","big","receipt-1","Receipt","1","20261001","4","bymaster","1","16262.6","21278","2","True",""
"3.0","big","receipt-1","Receipt","1","20261001","4","bymaster","2","16283.2","21278","2","True",""
"3.0","big","receipt-1","Receipt","1","20261001","4","bymaster","3","16484.7","21278","2","True",""
"3.0","big","receipt-1","Receipt","1","20261001","4","bymaster","4","16572.1","21278","2","True",""
"3.0","big","receipt-1","Receipt","1","20261001","4","bymaster","5","16703.9","21278","2","True",""
"3.0","big","receipt-1","Receipt","1","20261001","4","bynumber","0","16716.6","21278","2","True",""
"3.0","big","receipt-1","Receipt","1","20261001","4","bynumber","1","17048.6","21278","2","True",""
"3.0","big","receipt-1","Receipt","1","20261001","4","bynumber","2","17209.2","21278","2","True",""
"3.0","big","receipt-1","Receipt","1","20261001","4","bynumber","3","17168.2","21278","2","True",""
"3.0","big","receipt-1","Receipt","1","20261001","4","bynumber","4","17175.6","21278","2","True",""
"3.0","big","receipt-1","Receipt","1","20261001","4","bynumber","5","17127.7","21278","2","True",""
"3.0","big","sales-1","Sales","1","20261002","2","object","0","31.6","181455","2","True",""
"3.0","big","sales-1","Sales","1","20261002","2","object","1","22.9","181455","2","True",""
"3.0","big","sales-1","Sales","1","20261002","2","object","2","52","181455","2","True",""
"3.0","big","sales-1","Sales","1","20261002","2","object","3","23.5","181455","2","True",""
"3.0","big","sales-1","Sales","1","20261002","2","object","4","22.3","181455","2","True",""
"3.0","big","sales-1","Sales","1","20261002","2","object","5","22.1","181455","2","True",""
"3.0","big","sales-1","Sales","1","20261002","2","bymaster","0","17135.5","110345","2","True",""
"3.0","big","sales-1","Sales","1","20261002","2","bymaster","1","17311.2","110345","2","True",""
"3.0","big","sales-1","Sales","1","20261002","2","bymaster","2","17564.4","110345","2","True",""
"3.0","big","sales-1","Sales","1","20261002","2","bymaster","3","18170.8","110345","2","True",""
"3.0","big","sales-1","Sales","1","20261002","2","bymaster","4","17774.8","110345","2","True",""
"3.0","big","sales-1","Sales","1","20261002","2","bymaster","5","17922.8","110345","2","True",""
"3.0","big","sales-1","Sales","1","20261002","2","bynumber","0","17499.5","110345","2","True",""
"3.0","big","sales-1","Sales","1","20261002","2","bynumber","1","17578.8","110345","2","True",""
"3.0","big","sales-1","Sales","1","20261002","2","bynumber","2","17727.1","110345","2","True",""
"3.0","big","sales-1","Sales","1","20261002","2","bynumber","3","17705.4","110345","2","True",""
"3.0","big","sales-1","Sales","1","20261002","2","bynumber","4","17462.8","110345","2","True",""
"3.0","big","sales-1","Sales","1","20261002","2","bynumber","5","17389.6","110345","2","True",""
"3.0","big","sales-4","Sales","4","20261101","19","object","0","11.5","58853","2","True",""
"3.0","big","sales-4","Sales","4","20261101","19","object","1","9.5","58853","2","True",""
"3.0","big","sales-4","Sales","4","20261101","19","object","2","9.4","58853","2","True",""
"3.0","big","sales-4","Sales","4","20261101","19","object","3","9.7","58853","2","True",""
"3.0","big","sales-4","Sales","4","20261101","19","object","4","9.9","58853","2","True",""
"3.0","big","sales-4","Sales","4","20261101","19","object","5","10.9","58853","2","True",""
"3.0","big","sales-4","Sales","4","20261101","19","bymaster","0","17172.2","25630","2","True",""
"3.0","big","sales-4","Sales","4","20261101","19","bymaster","1","17450.3","25630","2","True",""
"3.0","big","sales-4","Sales","4","20261101","19","bymaster","2","17453.7","25630","2","True",""
"3.0","big","sales-4","Sales","4","20261101","19","bymaster","3","17331.6","25630","2","True",""
"3.0","big","sales-4","Sales","4","20261101","19","bymaster","4","17451.7","25630","2","True",""
"3.0","big","sales-4","Sales","4","20261101","19","bymaster","5","17711.3","25630","2","True",""
"3.0","big","sales-4","Sales","4","20261101","19","bynumber","0","17580.3","25630","2","True",""
"3.0","big","sales-4","Sales","4","20261101","19","bynumber","1","18360.1","25630","2","True",""
"3.0","big","sales-4","Sales","4","20261101","19","bynumber","2","18265","25630","2","True",""
"3.0","big","sales-4","Sales","4","20261101","19","bynumber","3","18222.3","25630","2","True",""
"3.0","big","sales-4","Sales","4","20261101","19","bynumber","4","17530","25630","2","True",""
"3.0","big","sales-4","Sales","4","20261101","19","bynumber","5","17329.7","25630","2","True",""
"3.0","big","sales-5","Sales","5","20261101","21","object","0","555.8","4897128","2","True",""
"3.0","big","sales-5","Sales","5","20261101","21","object","1","517.4","4897128","2","True",""
"3.0","big","sales-5","Sales","5","20261101","21","object","2","526.7","4897128","2","True",""
"3.0","big","sales-5","Sales","5","20261101","21","object","3","570.6","4897128","2","True",""
"3.0","big","sales-5","Sales","5","20261101","21","object","4","565.5","4897128","2","True",""
"3.0","big","sales-5","Sales","5","20261101","21","object","5","589.4","4897128","2","True",""
"3.0","big","sales-5","Sales","5","20261101","21","bymaster","0","18017.6","2757229","2","True",""
"3.0","big","sales-5","Sales","5","20261101","21","bymaster","1","17756.9","2757229","2","True",""
"3.0","big","sales-5","Sales","5","20261101","21","bymaster","2","17628","2757229","2","True",""
"3.0","big","sales-5","Sales","5","20261101","21","bymaster","3","17772.6","2757229","2","True",""
"3.0","big","sales-5","Sales","5","20261101","21","bymaster","4","17636.3","2757229","2","True",""
"3.0","big","sales-5","Sales","5","20261101","21","bymaster","5","17654.2","2757229","2","True",""
"3.0","big","sales-5","Sales","5","20261101","21","bynumber","0","18052.5","2757229","2","True",""
"3.0","big","sales-5","Sales","5","20261101","21","bynumber","1","18061.9","2757229","2","True",""
"3.0","big","sales-5","Sales","5","20261101","21","bynumber","2","18094.6","2757229","2","True",""
"3.0","big","sales-5","Sales","5","20261101","21","bynumber","3","18087","2757229","2","True",""
"3.0","big","sales-5","Sales","5","20261101","21","bynumber","4","17974.3","2757229","2","True",""
"3.0","big","sales-5","Sales","5","20261101","21","bynumber","5","18040.2","2757229","2","True",""
"3.0","big","sales-6","Sales","6","20261101","22","object","0","1613.4","12151976","2","True",""
"3.0","big","sales-6","Sales","6","20261101","22","object","1","1536.8","12151976","2","True",""
"3.0","big","sales-6","Sales","6","20261101","22","object","2","1615.2","12151976","2","True",""
"3.0","big","sales-6","Sales","6","20261101","22","object","3","1542","12151976","2","True",""
"3.0","big","sales-6","Sales","6","20261101","22","object","4","1538.8","12151976","2","True",""
"3.0","big","sales-6","Sales","6","20261101","22","object","5","1527.6","12151976","2","True",""
"3.0","big","sales-6","Sales","6","20261101","22","bymaster","0","18567.6","6829326","2","True",""
"3.0","big","sales-6","Sales","6","20261101","22","bymaster","1","18586","6829326","2","True",""
"3.0","big","sales-6","Sales","6","20261101","22","bymaster","2","18534.8","6829326","2","True",""
"3.0","big","sales-6","Sales","6","20261101","22","bymaster","3","18488.3","6829326","2","True",""
"3.0","big","sales-6","Sales","6","20261101","22","bymaster","4","18322.2","6829326","2","True",""
"3.0","big","sales-6","Sales","6","20261101","22","bymaster","5","18213","6829326","2","True",""
"3.0","big","sales-6","Sales","6","20261101","22","bynumber","0","18177.5","6829326","2","True",""
"3.0","big","sales-6","Sales","6","20261101","22","bynumber","1","18138.8","6829326","2","True",""
"3.0","big","sales-6","Sales","6","20261101","22","bynumber","2","18120.1","6829326","2","True",""
"3.0","big","sales-6","Sales","6","20261101","22","bynumber","3","18334.8","6829326","2","True",""
"3.0","big","sales-6","Sales","6","20261101","22","bynumber","4","17915.7","6829326","2","True",""
"3.0","big","sales-6","Sales","6","20261101","22","bynumber","5","17976.7","6829326","2","True",""
"3.0","big","sales-40007","Sales","40007","20261102","100025","object","0","540.1","4897158","2","True",""
"3.0","big","sales-40007","Sales","40007","20261102","100025","object","1","565","4897158","2","True",""
"3.0","big","sales-40007","Sales","40007","20261102","100025","object","2","553.7","4897158","2","True",""
"3.0","big","sales-40007","Sales","40007","20261102","100025","object","3","561.7","4897158","2","True",""
"3.0","big","sales-40007","Sales","40007","20261102","100025","object","4","578.2","4897158","2","True",""
"3.0","big","sales-40007","Sales","40007","20261102","100025","object","5","554.7","4897158","2","True",""
"3.0","big","sales-40007","Sales","40007","20261102","100025","bymaster","0","17680.9","2757249","2","True",""
"3.0","big","sales-40007","Sales","40007","20261102","100025","bymaster","1","17856.6","2757249","2","True",""
"3.0","big","sales-40007","Sales","40007","20261102","100025","bymaster","2","17735","2757249","2","True",""
"3.0","big","sales-40007","Sales","40007","20261102","100025","bymaster","3","17725.9","2757249","2","True",""
"3.0","big","sales-40007","Sales","40007","20261102","100025","bymaster","4","17773.7","2757249","2","True",""
"3.0","big","sales-40007","Sales","40007","20261102","100025","bymaster","5","17758.8","2757249","2","True",""
"3.0","big","sales-40007","Sales","40007","20261102","100025","bynumber","0","17945.4","2757249","2","True",""
"3.0","big","sales-40007","Sales","40007","20261102","100025","bynumber","1","17835.8","2757249","2","True",""
"3.0","big","sales-40007","Sales","40007","20261102","100025","bynumber","2","17882.4","2757249","2","True",""
"3.0","big","sales-40007","Sales","40007","20261102","100025","bynumber","3","17808.1","2757249","2","True",""
"3.0","big","sales-40007","Sales","40007","20261102","100025","bynumber","4","18041.2","2757249","2","True",""
"3.0","big","sales-40007","Sales","40007","20261102","100025","bynumber","5","18051.7","2757249","2","True",""
"3.0","big","sales-40008","Sales","40008","20261102","100026","object","0","1615.5","12152006","2","True",""
"3.0","big","sales-40008","Sales","40008","20261102","100026","object","1","1560.8","12152006","2","True",""
"3.0","big","sales-40008","Sales","40008","20261102","100026","object","2","1620.2","12152006","2","True",""
"3.0","big","sales-40008","Sales","40008","20261102","100026","object","3","1600.1","12152006","2","True",""
"3.0","big","sales-40008","Sales","40008","20261102","100026","object","4","1560.3","12152006","2","True",""
"3.0","big","sales-40008","Sales","40008","20261102","100026","object","5","1608.5","12152006","2","True",""
"3.0","big","sales-40008","Sales","40008","20261102","100026","bymaster","0","18000.9","6829346","2","True",""
"3.0","big","sales-40008","Sales","40008","20261102","100026","bymaster","1","18225.5","6829346","2","True",""
"3.0","big","sales-40008","Sales","40008","20261102","100026","bymaster","2","18262.9","6829346","2","True",""
"3.0","big","sales-40008","Sales","40008","20261102","100026","bymaster","3","18136.1","6829346","2","True",""
"3.0","big","sales-40008","Sales","40008","20261102","100026","bymaster","4","18070.9","6829346","2","True",""
"3.0","big","sales-40008","Sales","40008","20261102","100026","bymaster","5","18546.1","6829346","2","True",""
"3.0","big","sales-40008","Sales","40008","20261102","100026","bynumber","0","18114.3","6829346","2","True",""
"3.0","big","sales-40008","Sales","40008","20261102","100026","bynumber","1","17934.1","6829346","2","True",""
"3.0","big","sales-40008","Sales","40008","20261102","100026","bynumber","2","17841.7","6829346","2","True",""
"3.0","big","sales-40008","Sales","40008","20261102","100026","bynumber","3","17963.2","6829346","2","True",""
"3.0","big","sales-40008","Sales","40008","20261102","100026","bynumber","4","17857.1","6829346","2","True",""
"3.0","big","sales-40008","Sales","40008","20261102","100026","bynumber","5","18190","6829346","2","True",""
