"rel","kind","rep","fetch_ms","fetch_bytes","ctrl_a_after_fetch_start_ms","ui_first_ms","ui_settled_ms","save_bc_ms","total_ms"
"3.0","receipt","1","2963.5","721358","136","2842.8","2988.2","13","16"
"3.0","receipt","2","3282.3","721358","141","3118.6","3372.3","99.6","101.6"
"3.0","receipt","3","3609.3","721359","138","3469.8","3613.7","14","15"
"3.0","receipt","4","3982.3","721359","140","3864.3","3993.0","14","16"
"3.0","receipt","5","4087.8","721359","137","3980.5","4109.0","14","14"
"3.0","sales50","1","4101.5","721359","141","3920.8","3998.2","",""
"3.0","sales50","2","4131.5","721364","141","4029.3","5893.3","206.7","209.3"
"3.0","sales50","3","4213.8","721368","141","4086.5","5595.0","208.7","209.7"
"3.0","sales50","4","4190.1","721369","140","4158.2","6019.7","221.7","223.2"
"3.0","sales50","5","4191.1","721369","137","4062.4","6003.6","233.8","235.8"
