"rel","case","company","n_Voucher","minmid_Voucher","maxmid_Voucher","n_Ledger","minmid_Ledger","maxmid_Ledger","n_StockItem","minmid_StockItem","maxmid_StockItem","n_Group","minmid_Group","maxmid_Group","n_VoucherType","minmid_VoucherType","maxmid_VoucherType","n_StockGroup","minmid_StockGroup","maxmid_StockGroup","n_Unit","minmid_Unit","maxmid_Unit","n_CostCentre","minmid_CostCentre","maxmid_CostCentre","folder_mb","tally_ws_mb"
"3.0","masters only","FinCom Spike Co","1","1","1","311","30","565","350","216","865","28","1","28","24","32","88","0","","","1","207","207","2","208","209","1","325"
"3.0","F1 0","FinCom Spike Co","2","1","2","311","30","565","350","216","865","28","1","28","24","32","88","0","","","1","207","207","2","208","209","1.1","328"
"3.0","F1 500","FinCom Spike Co","504","1","504","312","30","866","350","216","865","28","1","28","24","32","88","0","","","1","207","207","2","208","209","7.3","340"
"3.0","F1 4000","FinCom Spike Co","4005","1","4005","312","30","866","350","216","865","28","1","28","24","32","88","0","","","1","207","207","2","208","209","36.6","438"
"3.0","F1 10000","FinCom Spike Co","10006","1","10006","312","30","866","350","216","865","28","1","28","24","32","88","0","","","1","207","207","2","208","209","85","584"
"3.0","F1 25000","FinCom Spike Co","25007","1","25007","312","30","866","350","216","865","28","1","28","24","32","88","0","","","1","207","207","2","208","209","207.1","739"
"3.0","F1 40000 (second company alone)","VMS Big Co","40001","1","40001","309","30","562","350","213","862","28","1","28","24","32","88","0","","","1","203","203","2","204","205","290","821"
"3.0","F1 4000 + 20000 masters","FinCom Spike Co","4005","1","4005","10312","30","10866","10350","216","20866","28","1","28","24","32","88","0","","","1","207","207","2","208","209","56.1","554"
"3.0","F2/F3 4000 local alone","FinCom Spike Co","4005","1","4005","312","30","866","350","216","865","28","1","28","24","32","88","0","","","1","207","207","2","208","209","36.6","424"
